,Unnamed: 0,asin,helpful,Not helpful,review_concat,summary_concat,overall rating,name,category,description,price,rating,No_of_Rating
61,61,B000XE1ZI4,0.8,1.0,using week felt difference first use foot not worst shape mean heel get little rough really happy even end day foot still soft buy absolutely love product wear flip flop nearly year battled cracking heel forever one use foot felt amazing easy use wet sponge rub foot pink side flip scrub foot white side white side like scrub pad not rough even sensitive skin actually feel good highly recommend getting one reviewer said would great gift totally agree anyone would love thing absolutely wonderful welcomed refreshment tired achy andor dry foot little stiff first us loaded scented soap us get softer tootsies addicted not usually one aromatherapy scent yummy opinion last longer 15 shower like 20 even poured shower gel towards end get couple us eventually crave new one though get girl love although admit one not yummy lavender tea tree one extend interval pedicure little sponge exfoliates foot especially heel keep soft fragrance delightful sponge easy use store nub great massage keep sponge dry us silky smooth pink side lather white side scrub callus thick consider callus remover keep dry cracked heel callus controlled product last month make sure stored upright nub addend favorite great find wanted product description accurate well worth trying great product exfoliates clean promised ecofriendly cruelty free buy spongeable product regularly friend received gift pleased thing cute work not seem get gross shower not know else say convenient shower body scrub couple time week want scrub foot daily shower rack perfect ssshhhhdont let know package say 20 wash way offive using since summer size 7 foot november start feeling 34soap bar34 getting tiny middleso ill ask santa another one christmas soapy side softens scrubby side get rid rough skin great product keep shower use daily keep dry like would loofah buff puff us,work great product yummy great product ooh addictive treat great eco friendly cute like great product effective smell good,5,"Spongeables Pedi-Scrub Foot Buffer, Lavender Scent, Contains Shea Butter and Tea Tree Oil, Foot Exfoliating Sponge with Heel Buffer and Pedicure Oil, 20+ Washes, Pack of 1 (PDB-1012-AMZ)",Personal Care,"Brand


Spongeables




Ingredients


Water, Glycerin, Sodium Stearate, Propylene Glycol, Sorbitol, Sodium Laurate, Sodium Laureth Sulfate, Olea Europaea (Olive) Fruit Oil (Olive), Fragrance (Parfum), Sodium Lauryl Sulfate, Butyrospermum Parkii (Shea Butter) Fruit (Shea Butter), Malaleuca Alternifolia (Tea Tree) Leaf Oil (Tea Tree), Sodium Chloride, Stearic Acid, Lauric Acid, Pentasodium Pentetate, Tetrasodium EDTAWater, Glycerin, Sodium Stearate, Propylene Glycol, Sorbitol, Sodium Laurate, Sodium Laureth Sulfate, Olea Europaea (Olive) Fruit Oil (Olive), Fragrance (Pa…

See more





Scent


Lavender Tea Tree Oil




Product Benefits


Soften Skin,Soften,Soft




Item Weight


2 Ounces",5.99,4.3,6694
205,205,B000052X9G,1.2,4.6,bunch promise well work bottle twoweek supply make no difference anythingsweat breath etc save money use perfume lot soap mint supplement awesome completely remove type body odor including feminine odor issue effective not abnormal body odor issue want odorfree possible recommend friend ultimate body deodorant amazing make poo green not like stuff not feel fresh tried brand actually work going back one disappointed really cannot tell difference product taking daily arrived time expected reason gave three star deserves one product not work noticed result 4 day feces grass green odor reduced noticed difference body odor still get not strong taking 4 day weight,nothing musthave supplement let not pleased nullo,3,Nullo Internal Deodorant (135 Caplets),Personal Care,"Ingredients Other Ingredients: Crospovidone, Dextrose, Hypromellose, Maltodextrin, Microcrystalline Cellulose, Mineral Oil, Stearic Acid.Other Ingredients: Crospovidone, Dextrose, Hypromellose, Maltodextrin, Microcrystalline Cellulose, Mineral Oil,… See more Brand Nullo Item Form Caplets",55.0,4.2,162
274,274,B000TUC9AA,2.8,3.6,ordered husband liked review love brush first work secondly like material classy not attract lot germ wanted something non wood nice look bath sleek beautiful nice angle seems perfect husband back lovely not found answer body scrubber not rather soft bristle brush several month nice brush bristle bit soft curvature make easier reach tough spot acrylic handle bristle dry quickly therefore resist mold mildew originally five star shower back brush bike handlebar tape wrap increase size gripping loved brush month ago handle broke half way brush handlebar tape stayed together kept using couple day ago broke agains handle connects brush head useless using yerba brushthe plastic not break blame plastic quality could glue expoxy obviously break see another shower brush made bamboo 10 order one try keep using yerba yerba head heavy cumbersom work bike handle bar wrap yerba best thing brush lol maybe take wrap swissco use ecotools bamboo shower brush bike tape cost 20 yikes lol 12yrs ago paid 5bought swissco lot like one swissco make quality comb worth try advantage comparison disadvantagesyerba well made long handle slidewedges brush head use hand brush long handled back brush like hand brush prefer swissco long handle not removable back brushwith long handle attached yerba brush awkward compared swissco yerba handle thin head heavier thicker making center weight harder handle swissco swissco brush head thinner lighter softer quite bit easier pushpull across back le twisting torque due lighter thinner head however swissco long handle smooth round edge swissco want slippivot hand due round edge bike handlebar tape rubber grip like using yerba head alone hand arm chest leg rougher swissco press lightly wait til skin toughens bristle soften useif choose one would swissco even 7 difference wood resists water le plastic time might try earth therapeutic short body brush front swissco back yerba better hand brush without handle twisting heavier head awkward back hand extra large fairly strong disc golf playerwith brush use wet always lay horizontal bristle pointing not surface open air sometimes no easy find way important let water minor soap drain away bristle attachment head hanging vertical not nearly good even easier hang anyway want buy brush often old brush alway hung correct lasting twenty plus year clean strong old fuller brand nylon bristle far apart soap lathering imho got brush mom trouble reaching leg back shower time love said perfect us everyday recommend handle long whole back easier replaced one better bristle stiff not hard perfect good back brush cannot beleive showred year without one make great difference level cleanliness nice soft brush clean back soap shower hold soap dropping floor get back two three feature want back brush contoured almost long enough 6634 finding one really work impossibility thing need grip nothing give purchase slick plastic allows slip hand particularly hand wet water slippery soap way got thought getting wanted rougher bristle abundance one scrubbing surface make also seen back brush whose bristle one millimeter short flexible steel far muchi like cannot say add detracts deacutecor shower butthat not purpose brush okay quality really hoping tortoise look plastic match bath accessory honestly not expecting photo look like opaque light reddishbrown swirl black not deep amber transparenttranslucent would normally associate tortoise colored plastic customer photo someone else posted accurate color brush work great scrubbing back body wash well putting lotion body oil shower latter especially important winter air extra dry heater no dry itchy back good quality bath brush plastic handle though would wooden no trouble shower far brush provides nice scrub long enough clean back would recommend everyone brush 16 12 inch long includes head brush nice stiff seems pretty durable hard wax poetic back washer actually use whole bod foot feel pretty nice bit metro hey whatever supposed curved handle help get everything bristle still enough not stiff wanted brush not wood would not rot quickly glad chose brush angle handle great getting back part body bristle start bit tough softened time deliver good exfoliation no irritation also brush least foam fine not get super sudsy like loofah think perfectly sufficient brush problem seems universally agreed upon lack rubber grip smooth plastic made attractive sturdy holding well extended use get slippery relatively small problem not ruin quality product affordable durable definitely buy really nice bath brush good job rubbing soap around also getting itching back winter month bristle little soft compared natural hog bristle wooden brush owned cracked would prickly piece shower floor handle nice curve make getting hard spot easier way put together believe brush last nice long keeper would buy great idea bend better back scratching bristle not stab bend scrub hoped really nice heavy plastic great appearance tortoise bristle pretty stiff love know remove back barnacle,nice back brush lovely nice bath brush compare yerba swissco great product like shower body brush great brush deep cleaning machine hard reach place okay quality hit spot cannot reach back great nice scrub good bath brush nice brush good bath brush better wooden one nice brush nice looking brush thingie,4,"Swissco Deluxe Bath Brush, Tortoise 1 ea",Personal Care,"Brand


Swissco




Color


Tortoise




Item Dimensions LxWxH


16.5 x 3 x 1.5 inches",12.99,4.4,1010
386,386,B000MZX6QI,0.7,0.7,feel good skin invigorating almost massage like scrub kind dirt result get super glowing skin body moisturizers soak better also save shower time think not waste time applying body scrub also save money not buy anymore use towel fave body wash good go get deep exfoliation body effortlessly also help ingrown hair rough patch since rough body towel help scrub dead skin cell build upanyways could go highly recommend repurchase whenever feel like want new one 3 month hold well made durableif question feel free ask authentic japanese cleansing cloth way better softer american version see local mass market retailer beauty shop prefer 34rougher34 scrub grain cloth feel exfoliates longer wear longer needing replaced also cloth tend run longer wider american brand one tried always order ontheres no comparison locally unfolded cloth width hand towel twice long thin cloth texture slightly rough plastic weave pretty similar bath puff exfoliating spongefor pretty much perfect foldwad make sponge shape unfold get back rough texture good exfoliation not rough especially appreciate thin weave mean dry fast easily go washer not different exfoliating scrub option one lot hygienic others seen puff sponge cannot really clean inside mold issuefyi cloth received salux brand looked exactly like product pictured receive knockoff contact amazon refund rate seller poorly work pretty well easier wash bath puff also love easy scrub back especially shoulder blade pretty rough expecting textile feel much comparable mesh bath puff work well skin nice soft using reading many travel hint one europe many hotel not provide wash clothes bathing therefore would wise bring would want something dry quickly sure would dry need pack one thing simple nature valuable use bath wash cloth feel good reach used back washer exfoliator wash cloth one would recommend would use caution face delicate skin otherwise great use perfect travel brought product due overseas not back scrubber back started using towel skin feltlooked much better even use face week deep cleansing love towel not need much soap get good lather would recommend scratchy feel good arm hand leg foot would not use face skin feel soft using using towel several month love extra long easy wash back without arm strain occurs scrbbys made similar material requires small amount body wash offer wonderful lathering help exfoliate skin easy care go wash needed fast drying easy way wash exfoliate back make skin really smooth mine also not cheap knock ordered mine mv trading co sell real one love colorlove feelingwish came two size not fit nicely small area designated shower,nice deep scrub awesome product love work well glad purchased love love love scratchy love towel salux nylon japanese beauty skin bath wash clothtowel kind large,5,Salux Nylon Japanese Beauty Skin Bath Wash Cloth/Towel- Aquamarine Green,Personal Care,"Size


1 Count (Pack of 1)




Color


Green




Material


Nylon




Brand


SALUX",6.9,4.8,283
490,490,B001ECQ5FC,1.1,1.2,cucumber scent no exception smell like fresh cut cucumber job keeping dry high stress situation 4 pack great bargain price caught quickly delivered pristine condition really like deodorant smell great going buy price jumped 12 20 day cheaper store bought based good review user love smell dove product cucumber scent figured would smell nice work like deodorant antiperspirant market no big deal work better product used smell fantastic no greasy feeling apply no mark clothes apply go dry stay way even high humidity heat east texas combined day full chasing dog horse around not find reapply three four day end day still felt smelled fresh clean dove cost brand first glance negative long run using le wash pun intended like whole line dove cucumber green tea collection soap body wash product smell good reliable not know anyone not like product far foo foo type gal usually go floral deodorant perfume tried rose scented dove not happy fresh cool essential deodorant use make feel fresh day long scent not interfere perfume might think would not strong odor keep fresh dry even sweating 112 degree temp south summer apply shower night morning even travel size put purse traveling overseas not able shower often home coolcleannot overpowering scent ask initially purchased product neighborhood drugstore ran opted amazon lower price awesome shipping love love love smelling dove product smell simple fresh clean not compete perfume used normal dove antiperspirantdeodorant invisible solid original clean year finally made switch product certainly glad didi love fresh crisp smell deodorant sensitive armpit especially shaving every 23 day product always help irritation nothing embarrassing scratch armpit public haha not apply sparingly ritual putting armpit 10 second repeating stick normally last 23 week pretty dang good considering much put not mention price pretty dang good reliable product time buy many find sale grocery storei also love solid although honest still show clothing apply deodorant shirt normally pulling collar reaching course never get side clothing still show armpit shirt take maybe put much id rather stain smelly would highly recommend product always loved dove deodorant ultimate came excited try since suppose stop irritation shaving not disappointed deodorant use search love product lot definitely recommend like it34 bit not love like scent use soap well not love consistency original go leave much white powder behind one leave lot behind still ok product got travel size deodorant backup incase needed little refresh afternoon worked smell way strong chemical smell refreshing cucumber stopped using would begin burn nostril replacing foul odor another tearjerker not want using natural deodorant mild smellim giving product 2 star cheap keep dry not getting star simple smell nauseating favorite deodorant would absolutely no complaint known ordered product scent wanted back order not knowing ended change order last minutethe last date supposed ship made aware scent smell good not wanted even second choice scent dove carriesother no complaint,love dove solid deoderantantiperspirants price jump excellent deodorant great smell love product cool cucumber nice smellin dove fresh love nice smell strong love deodorant,3,"Dove Ultimate go fresh Cool Essentials Anti-perspirant/Deodorant, 2.6 Ounce (Pack of 4)",Personal Care,"Scent


Green tea, Cucumber




Ingredients


Active: Aluminum Zirconium Tetrachlorohydrex Gly




Brand


Dove




Item Volume


2.6 Fluid Ounces",32.97,4.6,218
492,492,B0006FMKB6,1.3,1.5,live arid climate use lotion company daily multiple time winter decided give stuff try use long made easy use not leave mess shower tub also not use much no smell whatsoever plus want add bit nice smelling eo big win switched aveenos bath oil robathol realized aveenos version fragrance doctor ordered go fragrancefree oil work great no scent need careful getting tub make thing slippery not think aveenos bath oil work well not better great bath oil use end shower help seal moisture sjogrens syndrome disorder use daily bought see would help keep elbow painfully drying not seem make difference added bath applied shower noticed odd breakout well discontinued use well bottle ran back coconut oil oil remarkable add one tablespoon bath water one use could tell difference skin also use vanicream soap cream however already using soap cream added one tablespoon oil result even better robathol oil vanicream soap vanicream combined produced amazing result moderate eczema rash leg still unsightly itching practically stopped product calmed eczema dramatically not need use one tablespoon oil full bath anyone suffering eczema similar skin condition need try vanicream product truly amazing skin becomes extremely itchy night winter guess dry air room skin feel soft sure accurate call dry necessarily itch point close drawing blood sometimes awful literally wake sometimes itching like crazy unbearable use eucerins skin calming body wash soothes always within hour sometimes within hour itchies back tried eucerin lotion goldbond triple strength itch lotion cortisol cream name tried even take alegra tone histamine body get really bad enter robathol first time used skin stopped itching last 24 hour without itching miracle product surmise maybe something product tried not agree skin product made sensitive skin not lot additional stuff whatever case work dry itchy winter skin encourage try great product leaf skin nice smooth 15 min bath easy use another great product sensitive skin love robathol oil make skin soo soft even got husk dry foot pretty foot three child eczema unfortunately oil not help thing accomplished making tub super slippery smell vey unpleasant would give kid bath bedtime next morning whole bathroom would smell like rancid cooking oil doctor recommended robathol bath oil son dry skin showed irritation regular baby oil robathol bath oil fabulous product highly recommend downside buildup bathtub tub toy cling surface well son skin still extra elbowgrease requires welcome tradeoff much help son personally poured entire content large spray bottle filled water shower still standing shower spray 34 mixture 34 little go long way step let air dry body end result skin soft use little product not greasy,fantastic sensitive dry skin switched aveeno robathol bath oil 16 oz not good coconut oil amazing oil life saver great product loooove not work u doctor recommended advertised,1,"RoBathol Bath Oil | Fragrance, Gluten and Sulfate Free | For Sensitive Skin | 16 Fl Oz",Personal Care,"Scent


Unscented




Ingredients


Cottonseed oil, alkyl aryl polyether alcohol.




Brand


Vanicream




Item Form


ERROR: #N/A




Product Benefits


Soothes",16.6,4.6,1248
555,555,B000EZOC1O,0.7,0.7,not sure actually relieved real salux cloth fraying side within month not feel like exfoliating enough skin either one much better bought salux cloth reading many review amazon pleasantly surprised opened package thing huge used much cost effective le messy exfoliating scrub wash whatever else using make skin noticeably softer smoother even used without irritation face exfoliant well foot helped foot soften made face smooth dry quickly improve skin quality give clean feeling light affordable converted haha one thing note might need bit time get used scrubbing otherwise pretty much perfect exfoliating towel highly recommend first used product disappointed quite rough realized skin not get red ill affect also may actually beneficial dry flaky skin general level never used wash towel happy tried much versatile back brush rinse clean second dry quickly second one bought mother love love love salux good worth every penny paid pay no time purchase lot stuff amazon definitely one best skin amazingly soft use moisturizing body wash not regret it1 love using want bit exfoliation skin cloth rectangular used scrub back holding end towel good foot knee product overpriced opinion work well exfoliant almost painful use even not pushing hard wash easily dry quickly plus length awkward though long little bit awkward use first couple time get hang texture like shower sponge little bit thicker defiantly feel scrubbing away cleaning part body like use body wash need little bit product done dry super fast two year ago bought cloth turquoise loved ever since daily use two whole year finally began wear naturally got another time pink not disappointedfor not discovered cloth yet long nylon scrubby cloth really say help soap lather not use much dry quickly help take trip durable gentle enough use face body help keep skin smooth ill keep using stop making themwhich hope never bath cloth work efficient exfoliating body skin save time since not need keep rubbing skin also easy convenient use especially washing back reminder user since cloth bit rough use gently body skin would not recommend facial skin may harsh due spine surgery cannot bend twist shower clean whole body would need wash cloth super long wash including back no problem sand paper like roughness almost addictive know exfoliating dead skin cell want something soft not purchase love love love bath cloth love good bath make better bought based review knew nothing prior reading amazoncom gu right money buying one everyone know love love love bath cloth using month feel good use especially drier skin type not think improves skin quality 48 yr old using salux scrub clothes 20 yr never use ordinary wash clothes feel super clean skin look gauranteed healthier appearance even use new gray extra coarse scrub clothes salux one fantastic female bought product back january use college moved home summer accidentally left behind ordering another one love sanitary dry couple hour cute pink color satisfies girlish taste fit well shower caddy bunched let wash every inch body also supposed great exfoliator say quite abrasive not find uncomfortable prefer feel washcloth feel clean using exfoliation cannot 100 sure miracle worker hoping would help minor skin problem tinea versicolor keratosis pilaris skin discoloration not really seen difference respect maybe apply natural product done washing would probably help since heard skin productsoils freshly exfoliated excited use washcloth really missed using little rougher thought would definitely not net puff used carefully gently heard product makeupalley big hype went amazon got one see work turn thing really thin made scratchy like material even rough add soap lather say good product buy overall not used fact scratchy like hope like woman would eventually get use would not ever use face though may cause scarring even not see right away may eventually become deep wrinkle make skin ugly say product must buy many woman plus not expensive love thing not sure pink usually one use hemp product work lotion lathered like crazy could get back done without brush not like rinse easily dry fast get job done handy little thing get one inexpensive addicted towel using komenuka bijin product buying truerenu decided would browse website came across wash clothes price hey worth shot amazed beautiful soft glowing skin great way gently exfoliate entire week intensive body scrub usually wash mine week since bought usually switch every 4 6 day one every color thinking getting gift friend try cloth get hooked first shower take wonderful product,not great quality bath towel wonderful scratchy invigorating excellent back scrubber amaaaazinnnggg gentle exfoliation ok must 2nd cloth love work well love itbuy one smoother skin cloth salux using 20yrs love washcloth little rougher scratchy worth ooh thing work best ever,5,Salux Nylon Japanese Beauty Skin Bath Wash Cloth/Towel - Pink,Personal Care,"Item Dimensions LxWxH


8.5 x 4.33 x 0.87 inches




Size


1 PACK




Color


Pink




Material


Nylon




Brand


SALUX",6.0,4.7,986
612,612,B000052YJC,0.0,0.1,choice rougher smoother side perfect skin type size perfect dry fast wish multiple pack using dish sponge yes read right dish sponge wash body shower granted nice spong kind mesh lining cost 3 local grocery storebut thought time commit actual body sponge id read researching bufpuf double sided body sponge pretty awesome went ahead ordered used 2x say get excited not look much please scrubbing shower also hate mushy soap use soap come container friend gave beautiful bar soap scrubber grab soap left fairly dry soap not sit like id let build soapy mush sponge definitely strong scrub one side good elbow leg maybe hard reach place back side soft enough use face neck inner arm etc overall love little sponge really work well reminds product 50 year ago purpose looking forward showering best product ever shower get dead skin make skin smooth silky always used sponge get store never felt like really anything sponge great leg feel smooth use would recommend prefer exfoliating sponge scrub not guess may ok everyday use make skin feel soo good love bufpufs perfect exfoliation tool must spring cleaning came across old bufpuf handle forgotten bufpuf good work wonderful see still sold besides super job keeping skin clean also great using outside area tick year ago would visit wooded area deer pick tiny tiny tick without knowing scrubbing body sponge would see ittybitty tick caught bufpuf would rinse drainthe bufpuf sponge received week like old onesame shape size thus fit old bufpuf back scrub handle really glad kept since amazon every place online seems no longer bufpuf back scrub body sponge reusable handle besides white side scrub skin body sponge also tougher blue side scrub foot forgotten nice job summer foot shoe worn absolutely necessary used product year plus another softer bufpuf facedoes wonder taking dried skin feel wonderfully clean afterwards also prep skin well favorite lotioni use bufpuf handle attach sponge wash backafter many year used first time user stick softer white side use gentle touchoverall great exfoliate body,great dead skin cell removal let sloughing begin smoother yes love not exfoliating good good getting tiny tick great skin,5,"Buf Puf Body Sponge, Dermatologist Developed, Cleanses Skin of Dirt and Excess Oil, Reusable, Exfoliating, 1 Count",Personal Care,Brand Buf-Puf Style Body Sponge Item Dimensions LxWxH 3.81 x 1.31 x 5.06 inches,8.64,4.6,2724
626,626,B000I20Q72,0.6,0.6,first time exfoliating scrubber saywhy never one beforei use body make skin smooth nice must anyone serious skin care wish width scrubber 2 wider coverage beat back rubber handle scrubber product well suited woman take care personal item men stitching may not tight enough multiple use thank seller bought scrubber brush previous back scrubber fall handle one many time thought returning defective brush instead junked bought scrubber no way fall shower feel good back think good product price right absolutely love scrubber plan buy another travel soft side light washing rougher side exfoliating definitely worth buy clearing body acne exfoliation great purchased husband tiny pimple back using made huge difference skin glow good exfoliating cleaning itchy dry back problem fall water easily need hook something keep dry clean back scrubber come handy would nice little wider overall work well using longhandled wooden brush never able reach center back thought give one shot first unless lot elbow room around bathtub hard use sitting tub loli like twosided rough one side softer agree another poster sometimes hard get not flip seesawing back forth however make skin feel softer length long far worked rather well worth low price actually allows wash back stem stern 5034 chest lot back muscle wash cost effective enough buying two three clip wise eventually moisture rot ropeso open new one not use often since buying brush designed wash back got always hard time getting back using bath pouf not work great scrubbing back feel really good tooand came pack 2 needed something wash back not desire brush strip ideal rough side smooth side get right feeling cleaning back using dry brushing back work well thought would little wider still work scrubber work great nice abrasive plenty long handle nice especially hanging shower easy access happy product work well enough wash back not exactly scrub sisal scrubber much better scrubbing relieving itchy back twice bought five 4 piece another site 5 shipping gave away gift not save myselfthis aquis soft microfiber terry cloth one side slightly rougher material long enough bathe no better wash cloth not relieve itchy back prefer rougher back brush contacted amazon not aquis cheap copy small area loofah one side know aquis aquis label sewn saying aquis special material one side making rougher exfoliating read description neither angry vendor selling cheap substitute could pick dollar store vendor breaking law hope go jail put cheap label bag saying aquis could make label computer think not buy vendorupdatei reported amazon aquis aquis contacted amazon told could order get right item seller listed aquis ordered not arrived yet buy look aquis label sewn look like picture amazon previous seller asked change rating storefront apologizing claiming ignorance refused fraud people itchy back rejoice equis exfoliating back scrubber infomercial toy natural fiber product gently exfoliating hold release reasonable amount suds water job admittedly not long limb find length product fine whipping back head ropey handle comfortable back forth scrubbing people difficulty like wife reaching behind clean back wash cloth appreciate product wash well toolooking little deeper suppose guy disgustingly hairy set shoulder product work exfoliant gently scrub away unwanted hair well performing usual scrubbing function maybe buy two excellent product purchased mom made much easier bathe comfortable easy hold no dead skin back no itchy back toothis well made feel like exfoliate rhino turn unicorn bought use back shower also aquis washcloth mitt nice back scrubber think somewhat expensive use handled back scrubber might take time getting hang get handled back scrubber lot cheaper aquis make great exfoliating scrubber last long time tried find large washcloth settle mitt mitt okay small hope bring back large washcloth work pretty well easy use reasonable price like soft side not fan rougher side since sensitive skin worked nicely started musty smell even though would hang dry properly even machine washing smell would come back right away bad liked smell thing not problem quite long time oh well ok occasional use much work daily use shower prefer brush best back crubber ever bought cloth stretchy tell good material one side rough smooth like rough side much exfoliating glove showering short arm not tiny person area wish could reach little better perfect getting back back part upper thigh area one side exfoliates side softer feeling used time cannot say long last say far love high hope exceeded work perfectly texture great washable etc ask work great get hard reach area good length not contortionist use everyone buy really work great single senior job easy keep clean really like back scrubber put body wash sugar scrub really good job exfoliating getting blood flowing great back scrubberexfoliator would like little substance thickness not flip little long love scrubber 4 inch wide yard long easy grab end wrap around back end rope type loop grab scrubber stay flat scrub two side wonderful option washingone washcloth like like loofah back acne could use loofah side gently consistently feel exfoliating effect ideal situation keeping back acne acne better control obviously not perfect back acne difficult like back scratching effect rinse thoroughly loop rope like end shower handle 4 foot floor shower dry next time need probably wash protective washing bag keep getting tangled washer clothes wish id found ago high quality item one side pretty rough surface apply slight pressure exfoliate back side similar wash cloth not problem handle coming apart could see someone problem pull pressure necessary get job donecons getting soap surface long strap spend time applying soap surface prior use long strap 5434 woman getting strap behind back holding handle awkward take coordination practice sometimes wish simple brush seems like would lot easierpros high quality serf purpose exfoliate back much pressure could maybe remove dead skin not problem mildew hang plastic hook shower dry nicely no odor no mildew look new ready next usewould purchase fence one might happier brush brush might not able get exfoliation getting strap used backne back acne hehe thing truly life savor know back acne not cute lady typically get product put hair8230after scrubbing back every shower noticed pimple completely gone within week yayyy plus give relaxing massage bonus awesome exfoliator good length clean entire back buy withphisoderm antiblemish body wash 12ounce bottle pack 3 get smooth pimplefree back show could feel difference husband blackheadfilled back one use much smoother softer fewer blackhead use salycilic body wash scrub acneprone chest back not try yet wait see look good washing back thoroughly better using brush comfortable effective easy use scrubber like scratchy side not hurt not used soft side yet body wash go stay easily hope last good replace item time,love thing useful good scrubber get product love great itchy back back scrubber work well bought one earlierloved back scrubber work great back scrubber use dry brushing work great back washer cheap copy update wife not need aquis exfoliating back scrubber hobby include exfoliating back nice scrubber like good first ok durable double sided exactly looking amazing great love love work great great scrubberexfoliator best back scrubber acne meant bye bye back pimple great effective look good recommended,4,"Aquis - Exfoliating Back Scrubber, Deep Clean & Invigorate Your Skin (4 x 30.75 Inches)",Personal Care,"Brand


AQUIS




Skin Type


Acne-Prone




Product Benefits


Exfoliating",11.99,4.4,17462
764,764,B000RTDUOW,1.4,1.8,exactly say bottleand not contain talc not infectionsi found cute powder tj maxx tried week got utiso back tried true brandalsoyou totally remove label bottlecontainer male wander bathroom really know know mean lady little bit keep dry fresh day love highly recommend problem squeeze container hard lot come careful otherwise meant product work great definitely hold odor day applies freshly smell not great last day happy purchase got mainly keep dry since recurring yeast infection ever since took antibiotic utis getting yeast infection month yeast survives heat moist environment using powder help lot keeping dry feel instantly comfortable also keep odor check bonus also wear dress skirt keep even dry cannot always not yeast come back great alternative dressesskirts use roduct time leaf feeling fresh without ever doubt fresh feeling ty powder light come everywhere good bath fragrant talc way better keeping dry odor freeoh way wash superb not need write long review describe productits best protects humidity environmenti live florida one body could sweat day long without feeling uncomfortable moist smell not chance pleasant smell nice decided use even back breast region feel refresh protected nice dry feeling thanks vagisil wonderful product thinking u womenupdate cannot find product anymore supermarket used buy hopefully vagisil not going discontinue great productby way love bluelight blue color smell not know lavender color smell stick around blue color sticker one smell heavenly product comparison another used effective scent not deodorized masking agent scent refreshing may even baking soda somewhere eliminates odor give body refreshing assurance would recommend anyone powder fine extra silky great body powder fragrance clean not strong love powder keep fresh smell light strong enough keep odor bay must also hot summer month body powder definitely recommend product every female,great powder work well work great keep dry smelling good fresh neh best best complete freshness use body powder great feminine powder,5,"Vagisil Odor Block Feminine Deodorant Powder for Women, Talc-Free, Gynecologist Tested, 8 Ounce (Packaging May Vary)",Personal Care,"Scent


Odor Block




Ingredients


Cornstarch, Sodium Bicarbonate (Baking Soda), Aloe Vera (Aloe Barbadensis) Leaf Juice, Mineral Oil (Paraffinum Liquidum), Magnesium Stearate, Silica, Benzethonium Chloride, Fragrance.Cornstarch, Sodium Bicarbonate (Baking Soda), Aloe Vera (Aloe Barbadensis) Leaf Juice, Mineral Oil (Paraffinum Liquidu…

See more





Brand


Vagisil




Item Form


Powder




Material Type Free


Talc Free",2.77,4.7,11880
772,772,B00008O2X5,1.2,1.4,bought fragrancefree version scentsensitive product really scentless clear gel even cool skin dry quickly protecting odor throughout entire dayhighly recommended 85 daughter bo bought walmart experimentation purpose back spring 2011 nixed due type aluminum ingredient contained within deodorant not great kid using since mitchum ran two month ago figure enough time present finding world please not swoon tell ya yeti armpit shave twice year time constrained lazy married not worry not sport tank public anyway put deodorant eleven hour ago even furbies pit hold head high say arm even rubbed hand hard possible pit area prayed sniffed hand deeply rewarded sweet smell nothing right pit slight josephine scent left josephine supposedly asked husband napoleon bonaparte resist bathing absence could bask true essence reunion several year worse bo left pit weird true deodorant not scented gentle effective produce no clothing stain thus far great price pleased first foray world unscented deodorant not crystal exercise clean house yell walk briskly shop madly put stuff firstfootnote data sake want mention shave armpit apply deodorant not work effectively first several day hairfreedom hippie armpit somehow fare better deodorant cling armpit hair harness effect greater period time investigate one day update review shave pit almay run interested effect time period product good1 hypoallergenic great people allergies2 not burn shaving something lot people look deodorants3 part odorfree4 clear gel not leave white mark clothing youthe bad thing complain gel take little bit dry still recommend love stuff sworn year seriously perfect deodorant opinion keep dry odorfree product truly fragrance free not leave residue clothing cannot think way improve product perfect sad walmart target stopped carrying glad still find amazon one local drugstore update 101107 unfortunately need downgrade rating product 3 star say product great job not leaving white streak clothing however using several month quite disappointed actual deodorant ability first chalked increased underarm wetnessodor hot summer even cooler day product failed eventually got fed gave recently switched secret platinum far good although not writing review surefor year quest deodorant would good job controlling wetness would not leave white streak clothes tried clear gel clear solid little black dress proof version never found something meet need sure product better others stuck awhile not completely satisfiedthen friend recommended almay clear gel reluctant try first two reason 1 gave gel long time ago not like wet feeling upon application 2 generally prefer lightly scented deodorant always thought help control odor better decided give almay clear gel try anyway especially saw reasonably priced glad gel go wet take little getting used however dry fairly quickly minute found dry no longer feel unlike solid product plus amazing job controlling wetness better deodorant ever triedand said tried lot lot hot 90degree day summer even sweltering weather deodorant kept completely dry like gel bond skin form invisible layer protection wetness odor right odor toono fragrance needed no sweaty smell cover finally almay clear gel totally disappears dry absolute zero chance leaving streak clothing using year keep reliably odorfree dry sensitive skin get along great like another reviewer suggest applying larger area typical guarantee odor blocking think common problem gel antiperspirant hard beat subscribe save price lower find store locally used product year get unscented gentle effective kvetch size container manufacturer filled half full product container really smaller maybe would not presence shelf little like bait switch deodorant best tried everything year kept switch one deodorant another every six month body either became resistant irritated product rollons nasty wet sticky deodorant stick left white residue clothing not embarrassing enough often product failed resulting body odor overpoweringthen discovered almay not make underarms break go clear leaving no powdery residue arm clothes gel stay put not feel wet stickyusually drying time get shirt not put deodorant shower night bit odor get dressed late morning no problem almay seems kill bacteria neutralize odor without wash generally reapply product change clothes safe sidei used product year container recently updated new look different applicator almay not changed thank heaven usually company 34new improves34 product end not working well formula beforewhether guy gal great antiantiperspirant walmarts walgreens store carry get online wherever get worth investment keep perspiration odorfree year used brand deodorant worked fine year ago started getting underarm rash no matter brand used read almay hypoallergenic decided try no rash using ever since good ewg score no smell work well middle aged female not perspire lot unless quite hot exerting probably would not work well someone perspires alot not heavy duty favorite antiperspirant buy bulk amazon price great product work love almay product one life almay name excellent product satisfied excellent product satisfied excellent product satisfied excellent product satisfied excellent product satisfied excellent product satisfied excellent product satisfied excellent product satisfied excellent product satisfied quality durability recommend price excellent quality pleased product good good good superb design fabricaion realcioacuten cost durability quality consistent product greta greta great great great great great greatiexcliexcliexcliexcliexcliexcliexcliexcliexcliexcliexcliexcliexcliexcliexcliexcliexcliexcliexcliexcliexcliexcliexcliexcliexcliexcliexcl developing allergy practically every antiperspirant market refreshing find one finally worked not rash clear gel go smoothly dry fast not stain clothing although long used solid work getting used gel formulation problem allergic reaction rash irritation itching burnning please try product highly recommend using product year always work even skip morning shower never underarm odor one selfconscious woman discreetly lift sniff loli admit not perspire much even though live muggy southwest florida start smell not use good deodorant needed couple addon item get free shipping amazon price local walmart not run long time way really fragrance free gel formula gentle deodorant hard find store definitely recommend name brand not skin irritation rash way others tired natural deodorant not work bo however not much better odor stop sweating not care also make sneeze hard wash next day shower go clear dry smooth armpit feel sticky coated shower next day would not get nordic background blessed blond hair light skin sensitivitiesallergies lot different thing one biggest problem moving florida 33 year ago find effective deodorant antiperspirant not declare war underarms everything tried made underarms sore chaffedseveral product tried professed gentle hypoallergenic yet caused reaction finally tried almay amazed not work southwest florida heat humidity no adverse reaction another advantage not mark clothes like deodorant doso problem finding effective deodorantantiperspirant not problem skin give almay try hopefully solve problem started break rash arm huh tried letting clear every time used antiperspirant blam back eat lot veggie herb really cannot without antiperspirant deodorant mix odor get potent workday desparate almay answer no rash no odor whew thing take granted something change thanks almay hard find product storesdrug store order line sensitive underarm skin product harsh develop lump product hypoallergenic deodorant use favorite deodorant clear noticed no stain dry quickly not interfere breathing people sensitive fragrance annoy people simply not like fragrance like fact packaging clear see soon need replace one toiletry take airport checkpoint security wife eczema worked flawlessly armpit smell good work good try not disappointedif review helped please let know thanks happy shopping,new favourite live stink no sweat good product perfect deodorant best wetness control ever no mark clothesreally reliable best best antiperspirant market great product love stuff favorite antiperspirant great great antiperspirant sensitive skin gentle fragrance free great deodorant not contain aluminum no big deal cannot use anything else sudden deodorant good sensitive skin invisible unsmellable effective no irritation,5,"Almay Clear Gel Antiperspirant Deodorant for Women, Hypoallergenic, Dermatologist Tested for Sensitive Skin, Fragrance Free, 2.25 oz",Personal Care,"Scent Fragrance Free Ingredients Active Ingredient: Aluminum Zirconium Tetrachlorohydrex (17%) GLY. Other Ingredients: Water, Dipropylene Glycol, Cyclomethicone, Dimethicone, Glycerin, Dimethicone Copolyol. 10517.Active Ingredient: Aluminum Zirconium Tetrachlorohydrex (17%) GLY. Other Ingredients: Water, Dipropylene Glycol, Cyclomethicone, Dimethi… See more Brand Almay Item Form Gel Material Type Free Alcohol Free",2.29,4.5,6524
833,833,B000CSDDDG,1.7,2.2,towel not hard not soft skin exfoliates lather perfectly dr bronner liquid soap using type wash cloth 10 year love decided try cloth review found even better longer lasting one purchased continue order use long time come size big sturdy exfoliate skin nicely also given gift family friend much like forget wasting money expensive scrub nasty chemical based exfoliates especially since cannot reach body everyone like use self tanner get spray tanned year round listen get one wash towel perfect rough exfoliation allows get every part body including back great blemish skin cell would build area not started using softest clearest skin smooth shower perfect applying whatever self tanner would like since deeply scrubbed skin build everything put skin penetrated deeper absorbed better great cannot recommend highly enoughany question comment really nothing ordinary cannot buy drug store around corner towel rough texture not much novelty not sure much hype cheap piece rough nylon cloth yes talking authentic salux nylon made japan not imitation complained bought based rave review find no piece cheaply made nylon gave dermatitis especially hand no matter gentle careful using always made palm hand red raw dry incredibly itchy like nothing elseperhaps imitation product would worked better suspect lot positive review fake no buy product especially sensitive skin not get rave review received exact color brand picture salux rough scratchy actually cut thigh using wtf literally three scratch thigh better cheap loofah ball dollar store not scrubbing hard used though try one time try barely graze skin not going cut use scrub thing clean boy scrub know maybe knock either way would not recommend seller really great around good scrub body last long easy clean getting shower hang shower dry read lady bath board website frequent raving try not hype salux effective unique product wonderful job exfoliating really make skin feel much different much softer use really love ability scrub back effortlessly skin get dry itchy used face gently good result great product anyone would like softer skin first time took shower jewel felt amazing skin not felt smooth long long time ever get try shower towel texture delicate intricate rough not rough timeits genius many tiny woven pattern flush dirty little pore body skin however ill warn not use hard use tightly skin skin become red rather quickly would basically scratching irritating skincheers clean shower absolutely love clean every part body definetly clean back well must buy thinking buying not disappointed definetly worth money buying clean person must love purchase not regret feel absolutely clean time make feel super clean super glad purchased use plastic loofah glove already read beauty blog towel really good exfoliation work really well perhaps strong daily use like glove glove finer feel however towel rinse much better glove like get back really well without switch loofah stick use area towel dry really fast much glove gone travel kit probably use often summer cannot wash normal wash clothes not know not feel clean love weaved wash clothes thought going regret buy cloth huge cut 4 wash clothes exfoliate great purchuse bought saw someone online raved got impressed followed direction lathered soap rubbed body shower make tiny bit soap go long way nice long sort twist body like polishing motion cannot beat price incredible softness come cloth musthave pretty simple girl compared not really like bunch different type scrub soap formula like cloth lot barely use soap lather really exfoliating almost seems like hurting first realize smooth make skin feel get showerit really long weird shaped rag cut mine smaller piece warning commit stitching everything sewing machine not going little stringsfibers really annoying not know selling much online get super cheap los angeles korean store next time go going get no lufas used salux nylon bath towel decade first learned japanive found no bath towel durable price single towel usually last 69 monthsi often travel business cannot stand hotel bath towel never long enough scrub upper back besides towel soft provide scrubbing powerso carry one nylon bath towel ziplock bag keep shaving kit towel dry hour time breakfast put back ziplock bag ready gothe towel come several color blue pink yellow matter towel durable easy carry reasonably priced buy lot reduced price save shipping exfoliating various scrubby device year one better others tried vigorous scrub not used take easy avoid freshly peeled feeling love finally able scrub back thoroughly rest body cut sewed cloth mitt one cloth enough 2 pair mitt cloth amazing exfoliates well last long time definitely repurchasing happy bought blue towel absorbs excellent foam gently effectively scrub skin good product highly recommended wow not think id impressed washrag lol ordered mine pandora received salux version not knockoff brand phenominal especially foot back hand never felt cleaner reason id even heard reading review recommended black soap rag not stain like regular wash cloth really long cutting mine half giving half husband small stand shower no problem staying soapy used alot le soap usual purchasing future love thing really exfoliates well feel little rough skin smooth excellent using applying selftannerno streak dry dark patch think best wash cloth world continue buy long available gently exfoliate skin leave soft glowing home waxing love cloth able get wax yet gentle enough not irritate sensitive skin bought girlfriend mother love well washcloth excellent quality definitely exfoliates well rubbed hard stung shower learned little gentle gotten rid ingrown bikini hair well ingrowns armpit much better using expensive chemical product exfoliateget rid hair great small christmas gift lady towel godsend absolutely best money ever spent shower bath good little soap last forever towel extra length great since wide shoulder make hard clean back unfortunately year towel tore gripping clean back still cheap enough no problem buying another one disappointed normal use could cause tear still not soured towel great product also fyi towel not colorfast bleach get bleach turn light blue found recently cleaning bathroom really good towel clean sea salt make body open clean efficiently lotion feeling first used made feel 34ahh34 like hot steamy sauna session,perfect body scrub great bath cloth not use anything else nothing specisl way harsh cause rash not understand great item awesome honestly amazing yet not thee absolute best back cleaner great exfoliation maybe little rough iffy could not live without good product goodbye loofah bought le 2cloth la traveller must durable easy pack best scrubber ever love stuff well peeling skin not advised earlier good buy not stop buying real thing worked well long lasted good cloth,4,SALUX Nylon Japanese Beauty Skin Bath Wash Cloth/Towel - Blue,Personal Care,"Item Dimensions LxWxH


8 x 1 x 3 inches




Size


1 pack




Color


Blue




Material


Nylon




Brand


SALUX",5.49,4.7,3811
967,967,B0013EBM22,2.2,2.4,like spa treatment home not forget wrap relax warm towel andor robe soak used seaweed mask fishy smelling not sure bath contributed fishy smell yet not probably continue use time refreshing feeling detoxifying get past smelljust best done private combination seaweed bath mask provided relaxation comfort spa seaweed wrap much cheaper private good idea rest afterward feel like still 34working34 speak bathi would buy love seaweed turn bathtub nice shade green sort feel like transferred spa seaweed salt relaxing make skin feel firm reason not give 5 star pricequantity ratio expensive nice special treat aware seaweed known detoxifyer could not wait start relaxing experience added foaming bath cream boost luxury turn water bit green wich like add relaxing spa type treatment doctor ordered always feel renewed bath work great clean tub light smell nothing overpowering great tub foot soak also mixed lavender epsom salt tight muscle,wonderful nice detox bath spa like nice relaxing great product,5,"Mineral Bath Salt Soak with Brittany Seaweed, Relax + Detox",Personal Care,"Scent


Relax




Ingredients


Guérande sea salt, micronized laminaria and spirulina. 100% natural with no preservatives or additives. Without rinsing, pat dry and relax warmly wrapped for 20 more minutes to reap the full seaweed benefit.Guérande sea salt, micronized laminaria and spirulina. 100% natural with no preservatives or additives. Without rin…

See more





Brand


WAVE Connection




Item Weight


16 Ounces




Product Benefits


Detox",15.45,4.5,58
969,969,B000WZRBOQ,1.0,1.1,smell kind like lemon body odor maybe got musk hate anything musk better wearing lemon extract something else alltogether spray wonderful smell heavanly use bath verry nice smelling bog 30oz bottle last 1 monthits perfect used jean nate bath splash since twenty boyfriend always found scent attractive continues day husband light fragrance lingers skin entire day seems timeless fragrance suit teen older woman not know anyone not like scent smell brings back memory high school many year ago everyone wore still great smell today refreshing scent not originally made disticntive remember well drove men crazy disappointed gent wanted try used much love jean nate teenager birthday came would ask would not run anytime not know done formula smell horrible changed formula tried rekindle romance definite breakup new substitute evangeline adios jean nate unless resume making splash original formula another oldie goody remember mother scent not remember bottle bigi accidentally spilled makeup room whole day smelled like jean nate,smell bad perfect buy time wear jean nate bath splash get compliment nice smell blast past not scent remember not jean nate yesteryear jean nate revlon bath splash 30 oz woman,1,Jean Nate by Revlon After Bath Splash 30 oz for Women,Personal Care,"Brand


Jean Nate




Scent


Jean nate




Ingredients


Alcohol Denat., Water, Fragrance, Aloe Barbadensis Leaf Extract, Retinyl Palmitate, Tocopheryl Acetate, PEG 40 Hydrogenated Castor Oil, Ethylhexyl Methoxycinnamate, Diethylamino Hydroxybenzoyl Hexyl Benzoate, BHT, Benzyl Alcohol, Cinnamal, Citral, Citronellol, Coumarin, Eugenol, Geraniol, Hydroxycitronellal, Limonene, Linalool, Yellow 5 (CI 19140), Green 5 (CI 61570)Alcohol Denat., Water, Fragrance, Aloe Barbadensis Leaf Extract, Retinyl Palmitate, Tocopheryl Acetate, PEG 40 Hydrogenated Castor Oil, Ethylhexyl Methox…

See more





Item Form


Liquid




Item Weight


2.1 Grams",25.45,4.7,4749
996,996,B0001TSWWS,1.8,2.0,natural deodorant far best rememberit not keep drybut actually not stink lolif totally honest not last entire day id say good 5 hour pretty long natural deodorant work apply product least 4 time day always would smell bad would wear switched product called natural herban cowboy local natural market no parabens triclosan alcohol propylene glycol especially no aluminum stuff last day not smell love love love not know feel product okay guess feel not really work good neutral product best natural deoderant ever used used herbal scent pleasant not overpowering strong enough cover man natural day muskthe key shower daily meaning cannot get away wearing day unless go freshly cleaned armpit wear day go sleep not time morning shower stink afternoon shower daily no judgment not deoderant allnatural wonder worn hot humid day sun work no rash worry putting aluminum skin no lifelong customer one using antip entire life trying minimize risk building metal chemical body ordered product using seems working fine absolutely no scent ingredient look safe pleased odering barring unforeseen problem switched natural product got pregnant sorely missed secret clinical strength deodorant natural deodorant tried insufficient blocking smell minimizing sweat smelled terrible combined body odor finally found crystal deodorant best option pregnant crystal go nicely cannot feel even wearing deodorant minimizes odor well also worth trywhile pregnant got home health unscented deodorant not work went back crystal deodorant baby no longer feel crystal deodorant last long want hard shower regularly enough brandnew baby cannot reapply crystal without cleaning odor first went ahead tried home health deodorant no longer pregnant absolutely love last day easily reapply even starting smell deal odor easily no idea difference hormonally made crystal better pregnancy better postpartum glad medicine cabinet really ought try looking natural effective deodorant,used home health rollon deodorant herbal scent 3 fl oz okay natural handle man stink seems work wow,5,"Home Health Herbal Magic Roll-On Deodorant, Herbal Scent , 3-Fluid Ounces",Personal Care,"Scent Herbal Ingredients INGREDIENTS:,Water (aqua), chondrus crispus (carrageenan), Aloe Barbadensis Leaf Extract, Glycerin, Hamamelis Virginiana (Witch Hazel) Water (and) Alcohol, Sodium Bicarbonate, SD Alcohol 39-C (and) Foeniculum Vulgare (Fennel) Fruit Extract (and) Humulus Lupulus (Hops) Extract (and) Melissa Officinalis Leaf Extract (and) Viscum Album (Mistletoe) Leaf Extract (and) Chamomilla Recutita (Matricaria) Flower Extract (and) Achillea Millefolium Extract, Citrus Grandis (Grapefruit) Seed Extract, NaturalINGREDIENTS:,Water (aqua), chondrus crispus (carrageenan), Aloe Barbadensis Leaf Extract, Glycerin, Hamamelis Virginiana (Witch Hazel) Wat… See more Brand Home Health Item Form Roll-on Material Type Free GMO Free, Aluminum Free",9.63,4.4,66
1027,1027,B0012F4OPO,0.6,0.6,sue product time not dry skin awfully much sl really smell good make fair amount bubble easy skin well sensitive skin love bubble bath softens water skin fragrance not like orchid think smell like bug spray others pleasant not strong wish product readily available local store better bar soap liquid soap ever used many others axe dovethis product better leaf lasting smell softness even rugiest looking guy daughter think village natural great brand bath product buy variety every year love great value item bubble last smell pleasant big enough last awhile extra bubbly bath not know stuff not bubble bath people describing review not lather well smell like cheap cleaning fluid sort smellcertainly nothing would bathe put private lady part yuckai picked thing walmart smelled container smelled wonderful definitely not thing bottle not accusing village company changing anything behind anyones back happened paul mitchell product year agoim saying buyer beware particular product milk bath make skin feel incredibly soft light scent sensitive smell perfect really sensitive skin bath really nice calming make moderate amount bubble used many bath price great definitely order also use village natural white tea jasmine bath salt milk bath give little something extra keep scent going little longer really nice combination sensitive skin bubble bath smell great also use village natural white tea milk bath soak along bubble last relaxing soak smell heavenly love size get lot cost recommed add home spa experience shipped fast lasted well,bubble bath good great product best soap ever white tea milk bath excellent buyer beware calming great sensitive skin no bath without smell great,1,Village Naturals Bath Shoppe White Tea Milk Bath 28 fl oz,Personal Care,"Scent


White Tea




Ingredients


Water, Sodium Laureth Sulfate, Sodium Chloride, Cocamidopropyl Betaine, Fragrance, Coco-Glucoside, Hydrolyzed Milk Protein, Nonfat Dry Milk, Tocopheryl Acetate, Aloe Barbadensis Leaf Extract, Chamomilla Recutita (Matricaria) Extract, Panax Ginseng Root Extract, Prunus Persica (Peach) Leaf Extract, Algae Extract, Sambucus Nigra Fruit Extract, Citrus Aurantium Dulcis (Orange) Fruit Extract, Butyrospermum Parkii (Shea) Butter Extract, Propylene Glycol, Styrene/Acrylates Copolymer, Citric Acid, Tetrasodium EDTA, DMDM Hydantoin.Water, Sodium Laureth Sulfate, Sodium Chloride, Cocamidopropyl Betaine, Fragrance, Coco-Glucoside, Hydrolyzed Milk Protein, Nonfat Dry Milk, Tocophery…

See more





Brand


Village Naturals




Product Benefits


Hydrating,Cleansing,Moisturizing",12.1,4.6,204
1244,1244,B001EJOPTS,0.1,0.2,used soap water found layer grit building arm blcch chemically sensitive cannot use lotion etc tried dry buffing great wanted something use shower wonderful want also buy handle back two side one side face gentle area harsher face side facial bufpuf sponge bigger also like fantastic body sponge greenside body white neck throat face might coarse sensitive skin work well otherwise self family using year love used buf puf since high school 50 always get compliment smoothness skin sponge keep dead skin cell clogging pore contributes 34aged34 look read review prior buying decided give tryim happy gentle enough everyday usethe blue side not extremely exfoliatingi use foot heel quite alright white side gentle enough used everywhere else especially love using bathe dusting sweeping mopping nearly every evening renovating use little shower gel normal get good sud like clean exfoliated feeling get usingi certainly wish little bigger considering washing body hope bufpuf think thatall great product using bufpuf body sponge since 1980s oval shape ideal lightly exfoliating around eyelidsnose area white end gently exfoliates tender skin deeper exfoliation aqua blue side job without abrasive feelingsimply put bufpuf doublesided body sponge great body spongesee photo customer imagesof course paying sponge not soften quickly bargain brandshope review helpful jeffrey jeff using year like option able buy 6 pack amazon great exfoliating reasonable price second order love impossible find drug store anymore 6 pack awesome last forever got year last 6 pack throw laundry load come fine wanted tough scrubber soft sponge not not really thougth,perfect getting grime chemically sensitive work well make skin smooth great product wish bigger gentle deep exfoliation switch side white aqua blue good exfoliating love not really thought,5,Buf-Puf Double-Sided Body Sponge 6 Pack,Personal Care,"Material


Polyester Fiber




Color


Blue and White




Brand


Buf-Puf




Style


Body Sponge




Item Dimensions LxWxH


7.9 x 5.4 x 4.1 inches",32.65,4.6,14116
1281,1281,B000NU2OOM,0.0,0.0,faced summer funeral going hot pantyhose not like pale leg looked sticking black pencil skirt plan use leg makeup prior exfoliate leg via shaving puff moisturize madly leg makeup would lay evenly skinthe plan worked great dead skin gone leg smooth leg makeup went evenly gam looked presentablelest think rest puff bag go waste know fine also facial use really touchy skin face found quite tolerable no redness irritationthese also work well peely skin sunburn used take flaking skin arm leg nothing use get rid good job ton cheaper buf pufs love never pay good much better value oh usa made first id like say got local dollar store yes brand everything nonetheless pretty good like use apricot scrub dry skin often chafe everyday dry ridiculously put scrub first rub use continue exfoliating going moisturizing not find rough put hot warm water first scrub since flexible get part face sad already running id recommend nice cheap little exfoliant one use everyday really bargain surface texture bit rougher name brand 34buff34 little lighter thick sturdy last long time use body face use use regular buff puff not feel exfoliationg good excellent job great price first use puff rough however second use comparable name brand puff would purchase value son acne prone help tremendously,soft enough sissy skin job great daily exfoliation good better name brand great best 2nd use,5,"Wonder Puff Deep Cleansing Puffs, 12 Count",Personal Care,"Brand


Wonder




Finish Type


Demi-Matte




Item Weight


0.08 Pounds




Skin Tone


Deep




Skin Type


Combination",6.59,4.6,6259
1332,1332,B000HGFGKG,1.2,1.4,not realize quantity 1 mean 1 pair silly ordered quantity 2 4 glove oh well received cannot speak longterm quality far great texturized look bit small first stretch no problem glove look exactly shown picture package came intact without damageupdate three us shower already 4 hole glove finger meet hand also glove seemed small first pleasantly surprised put first time stretched right however three us permanently stretched much struggle stay hand wet love much texture definitely make skin softer disappointed quickly begun come apart use glove shower 23 day week help get rid dead dried skin cell exfoliate skin figured 5 cheaper buying another sugar scrub pleasantly surprised well worked 34scratchy34 regular wash cloth not enough damage actually scratching skin plus cannot go wrong coral pink glove came sealed package know newclean easily fit hand long finger slender hand great basic scrub glove shower nothing special exceptionally remarkable price reflects perfectly fine good nothing special love glove help exfoliate skin not really regenerate like constantly needing exfoliate help keep skin clear always use good body exfoliant needed tool beauty regimen help slough kp bump supposed dothey exfoliate skin would purchase necessary not sure else say good glove love scrubby little glove besides using every part shower routine really purchased obtain super exfoliation airbrush tan recommended friend hear tan stay longer exfoliate well past gotten spray tan used loofa sponge pleased tan looked even last longer whole week half attributing part glove really guessing bought use tree hut shea sugar body scrub coconut lime work great use 12 time week would recommend cannot beat price love used everyday honest not use everyday maybe 12times week regular bar soapi love trying different soap alongside baby best experience life thankyou soo much amazing glove never stop making glove ever everrr thankyou people world helped manufacture glove human robot thankyou lt3 get time not tried not know missing cheap bitty bought whim pretty good not expect last forever using rigorously job well want love bath glove good texture exfoliating exactly looking fit hand well tried many different glove exfoliate skin always come back onesnow use yearsi change every 6 monthsyou hang shower come different colorsmy skin healthy smooth best exfoliating glove everi use week shower skin feel 10 year youngerso silky soft smooth exfoliating glove body shop serve purpose scrubbing harshly whole body without hold something hand highly abrasive not suggested use really hard rubbing could take healthy skin work well soap body scrubbing not daily use using glove past year love much not really feel clean without using great exfoliation leaf skin feeling great,body shop bath glove easy way exfoliate generic scrub glove trick great exfoliation good body glove great use exfoliate well spray tan nice inexpensive glove bought mine straight store nyc love expected suck body shop bath glove best glove unreal exfoliation glove love glove,5,"The Body Shop Bath Gloves, Green",Personal Care,"Item Dimensions LxWxH


6.5 x 3 x 0.7 inches




Size


2 Count (Pack of 1)




Color


Green




Brand


The Body Shop",5.0,4.4,915
1335,1335,B001ECQ4RG,3.7,4.5,looking non harsh facial cleanser someone recommended pond cold cream since knew would part daily regimen purchased three pack great price great product cold cream thus greasy thus make good made mineral oil one emollient property planet skin use cream every day noticeably softer smoother skin guaranteedhowever greasy also leaf residue husband complained put skin not think wiped actually wiped offso not mind residue buy product however mind greasy feel seek elsewhereupdate pond link animal testing johnson johnson parent corporation love cold cream bother try bath body work c bigelow cold cream make cold cream notoriously easy make google cold cream recipe come plethora recipe use like using almond oil instead mineral oil feel relaxing oh man product wonder like splashed angel cloud body make soft really recommend product use lot makeup foundation powder primer shadow mascara eyeliner lipstick cream really clean fast used year not leave rest make face care skini buy like several review already pointed not classic pond pretty disgusting toting cocktail unnecessary irritating chemical make anything cool gentlemy old jar pond contains mineral oil water beeswax cersin sodium borate fragrance carbomerthe new classic pond mineral oil water ceresin beeswax triethanolamine behenic acid fragrance ceteth 20 cetyl alcohol carbomer dmdm hydantoin iodopropynyl butylcarbamate methylparabenim not sure suddenly nearly 100 year decided add ton chemical otherwise tried true formula not drawing attention toot horn new formula wreaks absolute havoc skin breakout rash intense burning near eye first not even know causing used pond foreveras soon eased using pond skin trouble vanished one painful experience skincare product positively heartbroken caused considered holy grail producti never thought id say not purchasing pond cold cream anymore used always recommend family friend skincare secret cannot put something skin cause fiery rash hoping product list classic ingredient use instead using product faithfully past 2 month still cannot really make mind unlike cleanser tried feel like leaving film face make feel not clean potential clogging pore fact breakout nothing major normally pretty normal skin suffers sensitivity could not get better regarding sensitivity hard product get used completely waterresistant cannot even get hand apply face wipe towel cannot splash water face direction say tissue moisten towel use ill continue using not repurchase not convenient thought would like said not leave face feeling squeaky clean wear black mascara full coverage foundation remove everything easily keep skin soft wished discovered many year ago product around long long time proven worth many time never found one liked better love product using sort cleanser year mixed result grandmother amazing skin used swear stuff right little go long way extremely sensitive combination oilynormaland yes dry patch skin trick use little time first wipe skin wet cotton pad get makeup finally follow wet slightly warm washcloth done face left clean soft soothed time not even need extra moisturizer although night sometimes use pond dry skin cream around eye next morning wake really softer skin lately experiencing irritation red bump along cheek week worth using pond cold cream cleared condition try might find not need toner exfoliants cleanser tremendous saving much simpler cleansing routine highly recommend product hit middleaged dry skin time life decided ask around find older woman using skin keep soft supple overwhelming response pond ok simplei managed use week started breaking like teenagerit great product removing makeup leaf greasy layer first blush seems like would work deep moisturizer left perfect playground pimple slight itching like little invisible bug running across facei glad product work well others skin type wrong combination 49 olive complication combination skin skin becoming dry age issue large pore hormonal chin acne keep control 3 benzoyl peroxide used nightlyi used purpose face cleanser year along face lotion wanted something moisturizing thought give pond try used alittle week breakout became much decided stop using used night woke face felt greasy even washing day make seemed slipping away loved smell fact face soft sure not need pimple skin could balance would tried bit longer unwilling greasy liking seems good buy passing,non irrating good greasy product g c not classic pond full abrasive chemical hmm efficient old gold standard 5 star awesome wrong combination caused breakout greasy,5,Pond's Cold Cream Cleanser 9.5 oz (Pack of 3),Personal Care,"Scent


ERROR: #N/A




Ingredients


FALSE




Brand


Pond's




Item Form


Cream




Material Type Free


ERROR: #N/A",20.02,4.7,947
1388,1388,B000VLH8W6,3.2,3.3,smell great feel great need minimal amount powder apply area love tingle give fresh feeling everyday another purchase boyfriend bought fragrance free talc he happy result stuff perfect going long run need freshen know tingle formula sweet would recommend anyone work regularly go long run leg chafing no fun initial reaction positive hubby not chance use much catch using jj baby powder day cooling cucumber scent maybe he not like scent powder though something guess maybe not used enough know rated le stellar whatever reason mind lot people vote based price thing truth agree balla powder price not appealing also believe get pay forthe problem powder not work get elcheapo baby powder riteaid buck keep dry problem smell man not smell like baby south not agree smell like nothing either certain aroma create confidence whether subconsciously aware increased confidence notballa powder go evenly smell quite epic jobbut point smell manly like powdered version cologne usually get tingle version 34fresh34 feel regular powder cannot touchif one negative container small not offer larger container price steep pay quality would like see offer powder larger size id also like see amazon keep stock rather relying third party third party fulfilled amazon ok crapshoot whether product available purchase not dinged star not enough powder per container would fix offer larger option might inclined give 5 gave five star bella would make cologne smell like powder original last bit expensive side worth,wow happy awesome nice tried rest keep coming back best good powder,4,"Bálla Body Powder for Men - Original Formula, 100g",Personal Care,"Scent


Original




Ingredients


Talc, Zinc Oxide, Zinc Stearate, Proprietary All-Natural Fragrance




Brand


Bálla




Item Form


Powder




Material Type Free


Aluminum Free, Paraben Free",20.0,4.7,507
1481,1481,B000W96VLQ,3.1,3.5,bath oil beat lotion cream tried keeping skin soft especially winter month softens bodyeven hard reach place get neglected husband love smell love skin soft never leaf feeling oily even though sent bit old fashioned still pleasant smell boyfriend love also started using dab remove eye make night leaf eye moisturized definitely repels mosquito using year keep bug away heard friend mine us dog keep fly away perfect purchased not effective bug repellant also 2 dog dilute 5 1 water oil vet said effective 34chemical34 product certainly saferwell satisfied used bath oil many year happy find new location no avon dealer close good lotion dry skin continue using make comment skin soft one favourite make skin soft bath cleaning dead skin use little skin not oily also like skinsosoft shower gel smell good love also use rinse repellent flea dog get price one stuff best bug repellant ever found rub arm leg whatever skeeters not bite normally skeeters love guess sweet obviously oil based product try not get best dress use tee shirt jean short help biting thing like nasty summer greenheaded fly east coast also small black skeeter bite right clothes stuff keep tooim sure great taking bath everybody know take shower us product skeeters mineral oil product ingredient id rather use one chemical product least using product supposed soften skin processif child go camping scout might want send himher packing bottle best keep bottle plastic bag upright sometimes leak turned upside sprayed dog help keep flea bay asa well moisturize skin definitely buy run used forever always get compliment soft skin classic not go without bought utem review eliminating flea bite 2 yr old son still seems getting flea bite not many asked doctor kind insect repellent use baby going travel recommended product product work well used four month old baby place going mosquito not want get bitten put everyday give bath even rub little clothing case never got single bite three month gone gave four not work not know since saw worked baby thought id use would mosquito bite however put still got mosquito bite still happy product protected baby made skin soft liked skin soft child original best scent last day wish larger product spray top pump otherwise great product continue use bath oil one ingredient u forest service ingredient fly spray one bottle make 3 batch spray 2 bottle last one season used avon product year admit tried skin soft one occasion tried using le le bath truth oily skin love smell even using tiny amount full bath feel like bathed oil slick also clogged pore ended pimple back thigh not person normal skin however fair mother used use loved extremely dry skin recommendation dry skin plus otherwise keep mind oily factor not sure skin react try using baby oil bath first great softening agent way product perfect bottle huge cannot wait use kid bug repellent used daughter already suggest getting spray bottle get evenly way fast shipping great seller great mosquito repellent make skin really soft must keep cabinet summer time though sometimes smell get better alternative,keep skin soft nice smell feel amazing great makeup remover definite mosquito repellent fly repellent double usage skin soft bath oil skin soft always great wonderful skeeters great flea love love love skin softner soft wonderful product fly control horse oily huge good stuff,5,Avon Soft Bath Oil 25 fl oz,Personal Care,"Scent


Original




Ingredients


MINERAL OIL/HUILE MINERALE ISOPROPYL PALMITATE DICAPRYL ADIPATE PARFUM/FRAGRANCE SIMMONDSIA CHINENSIS (JOJOBA) SEED OIL TOCOPHERYL ACETATE DIETHYLHEXYL SODIUM SULFOSUCCINATEMINERAL OIL/HUILE MINERALE ISOPROPYL PALMITATE 

See more





Brand


Avon




Item Weight


1 Pounds




Item Form


Oil",29.39,4.8,2960
1516,1516,B0006NYCT6,2.3,2.7,interesting stuff smell like sea sweet nuance leaf skin feeling smooth water change color light blue kind cool also little novelty fact come germany 7yearold hooked algemarin first encountered german exchange student 80 common drugstore item germany costing irish spring dove body wash smell oceanfresh cool deepblue tint leaf skin feeling soft clean worth pay 25 bottle state one bottle last forever product superthick concentrated large wide cap tiny thimblesized screw cap one thimbleful stuff plenty tint scent bubbleize waterthis bubble bath use need real escape soothes invigorates tonic refreshing aesthetic going like product great refreshing nondrying shower gel immediately became favorite complaint bottle wide flat guaranteed fall no good reason probably drop bottle repeatedly getting outer lid fortunately inner screw top next time ill try get differentshaped bottle definitely buy terrific stuff love smell bubble bath scent wonderful make skin clean soft bought whim one favorite bought daughter like make water blue not overly bubbly not care bubble bath soap smell good make skin soft great bubble bath highly recommended ususually use badedas harder find sufficient shipping time germany tried kind similiar smell badedas pine horsechestnut type smell think forestlike rainy afternoon day u know take bubble bath important bubble stay hate long day sink nice hot bath nothingthese bubble stayed entire time 25 min water turn lovely shade deep blue hope review helped,ocean tub nuclear blue lovin nice stuff obnoxious bottle great scent smell good make water blue new favorite bubble bath,5,Algemarin Bubble Bath 750ml bubble bath by Algemarin,Personal Care,"Ingredients


Water, sodium laureth sulfate, cocamidopropyl betaine, fragance, peg7 glyceryl cocate, glycol distearate, laureth4,potassium cocoyl hydrolyzed collagen, dihydroxythyl cocamine oxide, algea extract, citric acid, phenoxyethanol, methyldibromo glutaronitrile,fd blue no.1 CI 42090 acid.Water, sodium laureth sulfate, cocamidopropyl betaine, fragance, peg7 glyceryl cocate, glycol distearate, laureth4,potassium cocoyl hydrolyzed col…

See more





Brand


Algemarin




Item Weight


2 Pounds




Variety


Bubble Bath",32.95,4.7,414
